comparison,n,mean_jaccard,ci_low,ci_high
same form,84,0.6104398438213321,0.5844003141594505,0.6364793734832137
different form,192,0.10668925041353705,0.10482705371113975,0.10855144711593435
