source_prompt,target_prompt,total,feature_count,baseline_margin,zero_chain_margin,transferred_chain_margin,chain_necessity_damage,chain_transfer_gain,chain_rescue_fraction,status
calc: 1+2=,calc: 2+1=,3,6,3.5859375,4.0546875,3.5859375,-0.46875,-0.46875,1.0,ok
calc: 2+3=,calc: 3+2=,5,6,3.1171875,3.59375,3.140625,-0.4765625,-0.453125,0.9508196721311475,ok
calc: 3+4=,calc: 4+3=,7,6,3.0703125,3.46875,3.0625,-0.3984375,-0.40625,1.0196078431372548,ok
calc: 4+5=,calc: 5+4=,9,6,4.2421875,5.0625,4.25,-0.8203125,-0.8125,0.9904761904761905,ok
